{
  "time": [ 0, 1, 2, 3, 4, 5, 6, 7, 8, 9, 10, 11, 12, 13, 14, 15, 16, 17, 18, 19, 20, 21, 22, 23, 24, 25, 26, 27, 28, 29, 30, 31, 32, 33, 34, 35, 36, 37, 38, 39, 40, 41, 42, 43, 44, 45, 46, 47, 48, 49, 50, 51, 52, 53, 54, 55, 56, 57, 58, 59, 60, 61, 62, 63, 64, 65, 66, 67, 68, 69, 70, 71, 72, 73, 74, 75, 76, 77, 78, 79, 80, 81, 82, 83, 84, 85, 86, 87, 88, 89, 90, 91, 92, 93, 94, 95, 96, 97, 98, 99, 100, 101, 102, 103, 104, 105, 106, 107, 108, 109, 110, 111, 112, 113, 114, 115, 116, 117, 118, 119, 120, 121, 122, 123, 124, 125, 126, 127, 128, 129, 130, 131, 132, 133, 134, 135, 136, 137, 138, 139, 140, 141, 142, 143, 144, 145, 146, 147, 148, 149, 150, 151, 152, 153, 154, 155, 156, 157, 158, 159, 160, 161, 162, 163, 164, 165, 166, 167, 168, 169, 170, 171, 172, 173, 174, 175, 176, 177, 178, 179, 180, 181, 182, 183, 184, 185, 186, 187, 188, 189, 190, 191, 192, 193, 194, 195, 196, 197, 198, 199, 200, 201, 202, 203, 204, 205 ],
  "temp": [ 30.37267, 30.40652, 30.44037, 30.44037, 30.44037, 30.50817, 30.54202, 30.57588, 30.60983, 30.67754, 30.81315, 30.91482, 31.05035, 31.2536, 31.45696, 31.6942, 31.96542, 32.2027, 32.47386, 32.8129, 33.18585, 33.52496, 33.89809, 34.23716, 34.71205, 35.22101, 35.83186, 36.3748, 37.12163, 37.83461, 38.6157, 39.43092, 40.31423, 41.16393, 42.08177, 43.06793, 44.08826, 45.17712, 46.26622, 47.45795, 48.58194, 49.7744, 51.00144, 52.22884, 53.49088, 54.68519, 55.98227, 57.24573, 58.50967, 59.73984, 61.00473, 62.09912, 63.22807, 64.42579, 65.52121, 66.68553, 67.98741, 69.35829, 70.69537, 71.93018, 73.23401, 74.57265, 76.01501, 77.49232, 78.72965, 79.96735, 81.27436, 82.5475, 83.85553, 85.12966, 86.43882, 87.71395, 89.05849, 90.47271, 91.99089, 93.57897, 95.34052, 96.93022, 98.48605, 100.2849, 102.0154, 103.5737, 105.0287, 106.3457, 107.6286, 109.016, 110.3694, 111.8621, 113.4946, 115.406, 117.2488, 118.9188, 120.6244, 122.4353, 124.596, 126.5836, 128.3979, 130.1783, 132.1693, 134.3363, 136.5749, 138.3247, 139.9705, 141.4068, 142.7737, 144.3165, 146.0354, 147.5447, 149.0547, 150.4248, 151.6198, 152.8502, 154.1165, 155.4886, 156.6854, 158.0235, 159.5032, 161.0188, 162.1823, 163.3111, 164.6519, 165.9227, 166.9821, 168.2185, 169.6322, 171.1879, 172.4966, 173.6998, 174.7971, 175.8595, 176.8512, 177.7725, 178.7649, 179.6867, 180.8217, 182.0988, 183.1281, 184.0866, 185.1521, 186.3955, 187.4617, 188.4928, 189.4885, 190.6623, 191.6944, 192.9404, 194.0444, 195.3626, 196.7169, 197.8578, 199.0705, 200.248, 201.5688, 202.7472, 203.676, 204.6049, 205.4986, 206.5711, 207.3937, 208.3953, 209.612, 210.6145, 211.4739, 213.731, 214.412, 215.4877, 216.4919, 217.2811, 217.4965, 217.3171, 216.7072, 215.8822, 214.8423, 213.4801, 211.8678, 210.1133, 208.3596, 206.6784, 204.8194, 202.3186, 199.57, 196.7525, 193.7594, 190.7336, 187.7105, 184.6903, 181.673, 178.7295, 175.7532, 172.7796, 169.8796, 167.4766, 165.3226, 163.2404, 161.2302, 159.1508, 157.0375, 155.2071, 153.3426, 151.5143, 149.9329, 148.2119, 146.4215, 144.4568, 142.7036, 141.1265 ]
}